{
	"restaurantID" 		: "USXkMNikkC",
	"restaurantName"	: "Barbeque International",
	"promotionFamily"   : "Take Out",	
	"startDate"			: "5/1/2017",
	"endDate"			: "6/30/2017",
	"skipDates"			: [ ],
	"schedules"			: [
		{
			"name"	    : "Dinner",
			"dayOfWeek" : ["Mon", "Tue", "Wed", "Thu"],
			"startTime" : "11:30am",
			"endTime"   : " 9:45pm",
			"promotionTypes"       : ["Take Out - Phone","Take Out - Walk"],
			"maxPartySize"         :  8,
			"maxNumberOfOrders"    : 40,  			
		    "discount"  : 20,
		    "duration"  : 2700,
            "alcohol"   : 0,
			"tableFor2" : 0,
			"tableFor4" : 0,
			"tableFor5" : 0,
			"tableFor6" : 0
		},
		{
			"name"	    : "Dinner",
			"dayOfWeek" : ["Fri", "Sat","Sun"],
			"startTime" : "11:30am",
			"endTime"   : "6:00pm",
			"promotionTypes"       : ["Take Out - Phone","Take Out - Walk"],
			"maxPartySize"         :  8,
			"maxNumberOfOrders"    : 40,  			
		    "discount"  : 20,
		    "duration"  : 2700,
            "alcohol"   : 0,
			"tableFor2" : 0,
			"tableFor4" : 0,
			"tableFor5" : 0,
			"tableFor6" : 0
		}
	]
}
