{
	"restaurantID" 		: "4j3BShnno0",
	"restaurantName"	: "Battery Park",
	"promotionFamily"   : "Take Out",
	"startDate"			: "5/1/2017",
	"endDate"			: "6/30/2017",
	"skipDates"			: [ "1/1/2017"],
	"schedules"			: [ 
	{
			"name"	    : "Weekday",
			"dayOfWeek" : ["Mon", "Tue", "Wed", "Thu", "Fri"],
			"startTime" : "2:00pm",
			"endTime"   : "6:00pm",
			"promotionTypes"       : ["Take Out - Phone","Take Out - Walk"],
			"maxPartySize"         : 6,
			"maxNumberOfOrders"    : 10,  
		    "discount"  : 15,
		    "duration"  : 2700,
            "alcohol"   : 0,
			"tableFor2" : 0,
			"tableFor4" : 0,
		    "tableFor5" : 0,
			"tableFor6" : 0

		},
		{
			"name"	    : "Weekend",
			"dayOfWeek" : ["Sun", "Sat"],
			"startTime" : "11:00am",
			"endTime"   : "5:00pm",
			"promotionTypes"       : ["Take Out - Phone","Take Out - Walk"],
			"maxPartySize"         : 6,
			"maxNumberOfOrders"    : 10,  
		    "discount"  : 25,
		    "duration"  : 2700,
            "alcohol"   : 0,
			"tableFor2" : 0,
			"tableFor4" : 0,
			"tableFor5" : 0,
			"tableFor6" : 0
		}
	]
}
