{
	"restaurantID" 		: "jP1xiO40KJ",
	"restaurantName"	: "Cafe Beirut",
	"promotionFamily"   : "Take Out",		
	"startDate"			: "5/1/2017",
	"endDate"			: "6/30/2017",
	"skipDates"			: [ ],
	"schedules"			: [
		{
			"name"	    : "Dinner",
			"dayOfWeek" : ["Mon", "Tue", "Wed", "Thu", "Fri"],
			"startTime" : "3:00pm",
			"endTime"   : "5:00pm",
			"promotionTypes"       : ["Take Out - Phone","Take Out - Walk"],
			"maxPartySize"         :  4,
			"maxNumberOfOrders"    : 10,  			
		    "discount"  : 20,
		    "duration"  : 2700,
            "alcohol"   : 0,
			"tableFor2" : 0,
			"tableFor4" : 0,
			"tableFor5" : 0,
			"tableFor6" : 0
		}
	]
}
