{
	"restaurantID" 		: "2Ku7G9DsEM",
	"restaurantName"	: "Dorado Tacos & Cemitas"  ,
	"promotionFamily"   : "Take Out",
	"startDate"			: "5/1/2017",
	"endDate"			: "6/30/2017",
	"skipDates"			: [ ],
	"schedules"			: [
		{
			"name"		: "Mid weel",
			"dayOfWeek" : ["Mon","Tue", "Wed", "Thu"],
			"startTime" : " 2:00pm",
			"endTime"	: " 6:00pmm",
			"promotionTypes"       : ["Take Out - Phone","Take Out - Walk"],
			"maxPartySize"         :  6,
			"maxNumberOfOrders"    : 15,  			
			"discount"	: 15,
			"duration"  : 2700,
			"alcohol"	: 0,
			"tableFor2" : 0,
			"tableFor4" : 0,
			"tableFor5" : 0,
			"tableFor6" : 0
		}
	]
}