{
	"restaurantID" 		: "xDlMwavvr1",
	"restaurantName"	: "Dosa Factory",
	"promotionFamily"   : "Take Out",	
	"startDate"			: "5/2/2017",
	"endDate"			: "6/30/2017",
	"skipDates"			: [ ],
	"schedules"			: [
		{
			"name"	    : "Lunch",
			"dayOfWeek" : ["Sun", "Mon", "Tue", "Wed", "Thu", "Fri", "Sat"],
			"startTime" : "11:00am",
			"endTime"   : "2:30pm",
			"promotionTypes"       : ["Take Out - Phone","Take Out - Walk"],
			"maxPartySize"         :  6,
			"maxNumberOfOrders"    : 15, 			
			"discount"  : 25,
            "duration"  : 2700,
            "alcohol"   : 0,
			"tableFor2" : 0,
			"tableFor4" : 0,
		    "tableFor5" : 0,
			"tableFor6" : 0
		},
		{
			"name"	    : "Sun-Wed Dinner",
			"dayOfWeek" : ["Sun", "Mon", "Tue", "Wed"],
			"startTime" : "3:00pm",
			"endTime"   : "10:00pm",
			"promotionTypes"       : ["Take Out - Phone","Take Out - Walk"],
			"maxPartySize"         :  6,
			"maxNumberOfOrders"    : 15, 			
		    "discount"  : 25,
		    "duration"  : 1800,
            "alcohol"   : 0,
			"tableFor2" : 0,
			"tableFor4" : 0,
			"tableFor5" : 0,
			"tableFor6" : 0
		},
		{
			"name"	    : "Thu-Sat Dinner",
			"dayOfWeek" : ["Thu", "Fri", "Sat"],
			"startTime" : "3:00pm",
			"endTime"   : "10:00pm",
			"promotionTypes"       : ["Take Out - Phone","Take Out - Walk"],
			"maxPartySize"         :  6,
			"maxNumberOfOrders"    : 15, 			
		    "discount"  : 25,
		    "duration"  : 1800,
            "alcohol"   : 0,
			"tableFor2" : 0,
			"tableFor4" : 0,
			"tableFor5" : 0,
			"tableFor6" : 0
		}
	]
}