{
	"restaurantID" 		: "e7nGSaa294",
	"restaurantName"	: "Four Spoons",
	"promotionFamily"   : "Take Out",
	"startDate"			: "5/1/2017",
	"endDate"			: "6/30/2017",
	"skipDates"			: [ ],
	"schedules"			: [
		 {
			"name"	    : "Sun",
			"dayOfWeek" : ["Sun"],
			"startTime" : "11:00am",
			"endTime"   : "12:00pm",
			"promotionTypes"       : ["Take Out - Phone","Take Out - Walk"],
			"maxPartySize"         :  8,
			"maxNumberOfOrders"    : 40,  			
		    "discount"  : 10,
		    "duration"  : 2700,
            "alcohol"   : 0,
			"tableFor2" : 0,
			"tableFor4" : 0,
			"tableFor5" : 0,
			"tableFor6" : 0
		},
		{
			"name"	    : "Lunch",
			"dayOfWeek" : ["Mon", "Tue", "Wed", "Thu"],
			"startTime" : "11:00am",
			"endTime"   : "9:30pm",
			"promotionTypes"       : ["Take Out - Phone","Take Out - Walk"],
			"maxPartySize"         :  8,
			"maxNumberOfOrders"    : 40,  			
			"discount"  : 10,
			"duration"  : 2700,
            "alcohol"   : 0,
			"tableFor2" : 0,
			"tableFor4" : 0,
		    "tableFor5" : 0,
			"tableFor6" : 0
		},
		{
			"name"	    : "Fir-Satr",
			"dayOfWeek" : ["Fri", "Sat"],
			"startTime" : "11:00am",
			"endTime"   : "10:00pm",
			"promotionTypes"       : ["Take Out - Phone","Take Out - Walk"],
			"maxPartySize"         :  8,
			"maxNumberOfOrders"    : 40,  			
		    "discount"  : 10,
		    "duration"  : 2700,
            "alcohol"   : 0,
			"tableFor2" : 0,
			"tableFor4" : 0,
			"tableFor5" : 0,
			"tableFor6" : 0
		}
	
	]
}
