{
	"restaurantID" 		: "ToAT11yFrX",
	"restaurantName"	: "High Spot Deli",
	"promotionFamily"   : "Take Out",
	"startDate"			: "5/1/2017",
	"endDate"			: "6/30/2017",
	"skipDates"			: [ ],
	"schedules"			: [
		{
			"name"	    : "45minutes",
			"dayOfWeek" : ["Mon", "Tue", "Wed", "Thu", "Fri"],
			"startTime" : "2:00pm",
			"endTime"   : "3:15pm",
			"promotionTypes"       : ["Take Out - Walk","Take Out - Phone"],
			"maxPartySize"         : 6,
			"maxNumberOfOrders"    : 50,       
		    "discount"  : 20,
		    "duration"  : 2700,
            "alcohol"   : 0,
			"tableFor2" : 0,
			"tableFor4" : 0,
			"tableFor5" : 0,
			"tableFor6" : 0
		},
		{
			"name"	    : "30minutes",
			"dayOfWeek" : ["Mon", "Tue", "Wed", "Thu", "Fri"],
			"startTime" : "3:16pm",
			"endTime"   : "3:30pm",
			"promotionTypes"       : ["Take Out - Walk","Take Out - Phone"],
			"maxPartySize"         : 6,
			"maxNumberOfOrders"    : 50,       
		    "discount"  : 20,
		    "duration"  : 1800,
            "alcohol"   : 0,
			"tableFor2" : 0,
			"tableFor4" : 0,
			"tableFor5" : 0,
			"tableFor6" : 0
		},
		{
			"name"	    : "15minutes",
			"dayOfWeek" : ["Mon", "Tue", "Wed", "Thu", "Fri", "Sat", "Sun"],
			"startTime" : "3:31pm",
			"endTime"   : "3:45pm",
			"promotionTypes"       : ["Take Out - Walk","Take Out - Phone"],
			"maxPartySize"         : 6,
			"maxNumberOfOrders"    : 50,       
		    "discount"  : 20,
		    "duration"  : 900,
            "alcohol"   : 0,
			"tableFor2" : 0,
			"tableFor4" : 0,
			"tableFor5" : 0,
			"tableFor6" : 0
		}
	]
}