{
	"restaurantID" 		: "TyeJzQEok3",
	"restaurantName"	: "The Rice Barn",
	"promotionFamily"   : "Take Out",
	"startDate"			: "5/6/2017",
	"endDate"			: "6/30/2017",
	"skipDates"			: [ "1/1/2017"],
	"schedules"			: [
		{
			"name"	    : "Lunch",
			"dayOfWeek" : ["Mon","Tue","Wed"],
			"startTime" : "11:30am",
			"endTime"   : "2:00pm",
			"promotionTypes"       : ["Take Out - Phone","Take Out - Walk"],
			"maxPartySize"         :  6,
			"maxNumberOfOrders"    : 15,  			
			"discount"  : 20,
			"duration"  : 1800,
            "alcohol"   : 0,
			"tableFor2" : 0,
			"tableFor4" : 0,
		    "tableFor5" : 0,
			"tableFor6" : 0
		},
		{
			"name"	    : "Dinner",
			"dayOfWeek" : ["Sun", "Mon", "Tue", "Wed"],
			"startTime" : "5:00pm",
			"endTime"   : "8:30pm",
			"promotionTypes"       : ["Take Out - Phone","Take Out - Walk"],
			"maxPartySize"         :  6,
			"maxNumberOfOrders"    : 15,  			
		    "discount"  : 20,
		    "duration"  : 1800,
            "alcohol"   : 0,
			"tableFor2" : 0,
			"tableFor4" : 0,
			"tableFor5" : 0,
			"tableFor6" : 0
		}
	]
}
