{
	"restaurantID" 		: "HrSjzIGYCk",
	"restaurantName"	: "Sangria",
	"promotionFamily"   : "Take Out",
	"startDate"			: "5/1/2017",
	"endDate"			: "6/30/2017",
	"skipDates"			: [ "1/1/2017"],
	"schedules"			: [ 
		{
			"name"	    : "Tues",
			"dayOfWeek" : ["Tue"],
			"startTime" : "5:00pm",
			"endTime"   : "8:00pm",
			"promotionTypes"       : ["Take Out - Phone","Take Out - Walk"],
			"maxPartySize"         :  6,
			"maxNumberOfOrders"    : 10,  			
			"discount"  : 15,
            "duration"  : 1800,
            "alcohol"   : 0,
			"tableFor2" : 0,
			"tableFor4" : 0,
		    "tableFor5" : 0,
			"tableFor6" : 0
		},
		{
			"name"	    : "Wed-Thu",
			"dayOfWeek" : ["Wed", "Thu"],
			"startTime" : "11:3apm",
			"endTime"   : "8:00pm",
			"promotionTypes"       : ["Take Out - Phone","Take Out - Walk"],
			"maxPartySize"         :  6,
			"maxNumberOfOrders"    : 10,  			
			"discount"  : 15,
            "duration"  : 1800,
            "alcohol"   : 0,
			"tableFor2" : 0,
			"tableFor4" : 0,
		    "tableFor5" : 0,
			"tableFor6" : 0
		},
		{
			"name"	    : "Friday, Sataurday",
			"dayOfWeek" : ["Fri","Sat"],
			"startTime" : "11:30am",
			"endTime"   : "3:00pm",
			"promotionTypes"       : ["Take Out - Phone","Take Out - Walk"],
			"maxPartySize"         :  6,
			"maxNumberOfOrders"    : 10,  			
		    "discount"  : 15,
		    "duration"  : 1800,
            "alcohol"   : 0,
			"tableFor2" : 0,
			"tableFor4" : 0,
			"tableFor5" : 0,
			"tableFor6" : 0
		}
	]
}

