{
	"restaurantID" 		: "K2yyEF2Fbr",
	"restaurantName"	: "The Living Room",
	"promotionFamily"   : "Take Out",
	"startDate"			: "5/1/2017",
	"endDate"			: "6/30/2017",
	"skipDates"			: [ ],
	"schedules"			: [
		{
			"name"	    : "Lunch",
			"dayOfWeek" : ["Mon", "Tue", "Wed", "Sun"],
			"startTime" : "12:00pm",
			"endTime"   : " 8:00pm",
			"promotionTypes"       : ["Take Out - Phone","Take Out - Walk"],
			"maxPartySize"         :  6,
			"maxNumberOfOrders"    : 10,  			
			"discount"  : 20,
			"duration"  : 2700,
            "alcohol"   : 0,
			"tableFor2" : 0,
			"tableFor4" : 0,
		    "tableFor5" : 0,
			"tableFor6" : 0
		}
	]
}
