{
	"restaurantID" 		: "KHIdbCCQQF",
	"restaurantName"	: "Tous Les Jours",
	"promotionFamily"   : "Take Out",
	"startDate"			: "5/1/2017",
	"endDate"			: "6/30/2017",
	"skipDates"			: [ ],
	"schedules"			: [
		{
			"name"	    : "Early45minutes",
			"dayOfWeek" : ["Mon", "Tue", "Wed", "Thu", "Fri", "Sat", "Sun"],
			"startTime" : "2:30pm",
			"endTime"   : "3:30pm",
			"promotionTypes"       : ["Take Out - Walk"],
			"maxPartySize"         : 6,
			"maxNumberOfOrders"    : 10,       
		    "discount"  : 20,
		    "duration"  : 2700,
            "alcohol"   : 0,
			"tableFor2" : 0,
			"tableFor4" : 0,
			"tableFor5" : 0,
			"tableFor6" : 0
		},
		{
			"name"	    : "Early30minutes",
			"dayOfWeek" : ["Mon", "Tue", "Wed", "Thu", "Fri", "Sat", "Sun"],
			"startTime" : "3:31pm",
			"endTime"   : "4:00pm",
			"promotionTypes"       : ["Take Out - Walk"],
			"maxPartySize"         : 6,
			"maxNumberOfOrders"    : 10,       
		    "discount"  : 20,
		    "duration"  : 1800,
            "alcohol"   : 0,
			"tableFor2" : 0,
			"tableFor4" : 0,
			"tableFor5" : 0,
			"tableFor6" : 0
		},
		{
			"name"	    : "Late45minutes",
			"dayOfWeek" : ["Mon", "Tue", "Wed", "Thu", "Fri", "Sat", "Sun"],
			"startTime" : "6:00pm",
			"endTime"   : "6:15pm",
			"promotionTypes"       : ["Take Out - Walk"],
			"maxPartySize"         : 6,
			"maxNumberOfOrders"    : 10,       
		    "discount"  : 30,
		    "duration"  : 2700,
            "alcohol"   : 0,
			"tableFor2" : 0,
			"tableFor4" : 0,
			"tableFor5" : 0,
			"tableFor6" : 0
		},
		{
			"name"	    : "Late45minutes",
			"dayOfWeek" : ["Mon", "Tue", "Wed", "Thu", "Fri", "Sat", "Sun"],
			"startTime" : "6:16pm",
			"endTime"   : "6:30pm",
			"promotionTypes"       : ["Take Out - Walk"],
			"maxPartySize"         : 6,
			"maxNumberOfOrders"    : 10,       
		    "discount"  : 30,
		    "duration"  : 1800,
            "alcohol"   : 0,
			"tableFor2" : 0,
			"tableFor4" : 0,
			"tableFor5" : 0,
			"tableFor6" : 0
		},
		{
			"name"	    : "Late45minutes",
			"dayOfWeek" : ["Mon", "Tue", "Wed", "Thu", "Fri", "Sat", "Sun"],
			"startTime" : "6:31pm",
			"endTime"   : "6:45pm",
			"promotionTypes"       : ["Take Out - Walk"],
			"maxPartySize"         : 6,
			"maxNumberOfOrders"    : 10,       
		    "discount"  : 30,
		    "duration"  : 900,
            "alcohol"   : 0,
			"tableFor2" : 0,
			"tableFor4" : 0,
			"tableFor5" : 0,
			"tableFor6" : 0
		}

	]
}
