{
	"restaurantID" 		: "EG07h0gAB1",
	"restaurantName"	: "Biagio Ristorante"  ,
	"promotionFamily"   : "Dine In",
	"startDate"			: "5/1/2017",
	"endDate"			: "6/30/2017",
	"skipDates"			: [ ],
	"schedules"			: [
		{
			"name"		: "Mon-Friday dinner",
			"dayOfWeek" : ["Mon", "Tue", "Wed", "Thu", "Fri"],
			"startTime" : " 4:00pm",
			"endTime"	: " 9:30pm",
			"promotionTypes"       : ["Dine In"],
			"maxPartySize"         : 0,
			"maxNumberOfOrders"    : 0,  			
			"discount"	: 25,
			"duration"  : 1800,
			"alcohol"	: 0,
			"tableFor2" : 2,
			"tableFor4" : 3,
			"tableFor5" : 1,
			"tableFor6" : 1
		},
		{
			"name"		: "Sat lunch",
			"dayOfWeek" : ["Sat"],
			"startTime" : " 4:00pm",
			"endTime"	: " 5:30pm",
			"promotionTypes"       : ["Dine In"],
			"maxPartySize"         : 0,
			"maxNumberOfOrders"    : 0,  			
			"discount"	: 25,
			"duration"  : 1800,
			"alcohol"	: 0,
			"tableFor2" : 2,
			"tableFor4" : 3,
			"tableFor5" : 1,
			"tableFor6" : 1
		},
		{
			"name"		: "Sat dinner",
			"dayOfWeek" : ["Sat"],
			"startTime" : " 8:30pm",
			"endTime"	: "10:00pm",
			"promotionTypes"       : ["Dine In"],
			"maxPartySize"         : 0,
			"maxNumberOfOrders"    : 0,  			
			"discount"	: 25,
			"duration"  : 1800,
			"alcohol"	: 0,
			"tableFor2" : 2,
			"tableFor4" : 3,
			"tableFor5" : 1,
			"tableFor6" : 1
		},
		{
			"name"		: "Sun all day",
			"dayOfWeek" : ["Sun"],
			"startTime" : " 1:00pm",
			"endTime"	: " 9:30pm",
			"promotionTypes"       : ["Dine In"],
			"maxPartySize"         : 0,
			"maxNumberOfOrders"    : 0,  			
			"discount"	: 25,
			"duration"  : 1800,
			"alcohol"	: 0,
			"tableFor2" : 4,
			"tableFor4" : 0,
			"tableFor5" : 0,
			"tableFor6" : 0
		}
	]
}