{
	"restaurantID" 		: "bnMCwdX9Pu",
	"restaurantName"	: "Brothers Restaurant",
	"promotionFamily"   : "Dine In",	
	"startDate"			: "5/1/2017",
	"endDate"			: "6/30/2017",
	"skipDates"			: [ "1/1/2017"],
	"schedules"			: [ 
	{
			"name"	    : "Weekday",
			"dayOfWeek" : ["Mon", "Tue", "Wed", "Thu"],
			"startTime" : "11:00am",
			"endTime"   : "9:30pm",
			"promotionTypes"       : ["Dine In"],
			"maxPartySize"         : 0,
			"maxNumberOfOrders"    : 0,  			
		    "discount"  : 10,
		    "duration"  : 1800,
            "alcohol"   : 0,
			"tableFor2" : 4,
			"tableFor4" : 2,
		    "tableFor5" : 1,
			"tableFor6" : 1
		}
	]
}
