{
	"restaurantID" 		: "EpUozF4gdL",
	"restaurantName"	: "Cantina La Mexicana",
	"promotionFamily"   : "Dine In",
	"startDate"			: "5/1/2017",
	"endDate"			: "6/30/2017",
	"skipDates"			: [ "1/1/2017"],
	"schedules"			: [
		{
			"name"	    : "LunchDinner",
			"dayOfWeek" : ["Sun", "Mon", "Tue", "Wed", "Thu", "Fri", "Sat"],
			"startTime" : "11:00am",
			"endTime"   : "9:30pm",
			"promotionTypes"       : ["Dine In"],
			"maxPartySize"         : 0,
			"maxNumberOfOrders"    : 0,  			
		    "discount"  : 30,
		    "duration"  : 2700,
            "alcohol"   : 0,
			"tableFor2" : 2,
			"tableFor4" : 1,
		    "tableFor5" : 1,
			"tableFor6" : 1
		}
	]
}
