{
	"restaurantID" 		: "amGD5wkzvi",
	"restaurantName"	: "Charcoal Guido's",
	"promotionFamily"   : "Dine In",
	"startDate"			: "5/1/2017",
	"endDate"			: "6/30/2017",
	"skipDates"			: [ "1/1/2017"],
	"schedules"			: [ 
		{
			"name"	    : "Thu-Sat Lunch",
			"dayOfWeek" : ["Thu", "Fri", "Sat"],
			"startTime" : "11:30am",
			"endTime"   : "4:25pm",
			"promotionTypes"       : ["Dine In"],
			"maxPartySize"         : 0,
			"maxNumberOfOrders"    : 0,  			
			"discount"  : 25,
            "duration"  : 1800,
            "alcohol"   : 0,
			"tableFor2" : 2,
			"tableFor4" : 1,
		    "tableFor5" : 1,
			"tableFor6" : 1
		},
		{
			"name"	    : "Dinner",
			"dayOfWeek" : ["Sun", "Mon", "Tue", "Wed", "Thu", "Fri", "Sat"],			
			"startTime" : "5:00pm",
			"endTime"   : "9:25pm",
			"promotionTypes"       : ["Dine In"],
			"maxPartySize"         : 0,
			"maxNumberOfOrders"    : 0,  			
		    "discount"  : 25,
		    "duration"  : 1800,
            "alcohol"   : 0,
			"tableFor2" : 2,
			"tableFor4" : 1,
			"tableFor5" : 0,
			"tableFor6" : 0
		}
	]
}
