{
	"restaurantID" 		: "HZypcUWlDH",
	"restaurantName"	: "Coolidge Corner Clubhouse"  ,
	"promotionFamily"   : "Dine In",
	"startDate"			: "5/1/2017",
	"endDate"			: "6/30/2017",
	"skipDates"			: [ ],
	"schedules"			: [
		{
			"name"		: "Mon-Fri",
			"dayOfWeek" : ["Mon", "Tue", "Wed", "Thu", "Fri"],
			"startTime" : "11:30am",
			"endTime"	: "11:30pm",
			"promotionTypes"       : ["Dine In"],
			"maxPartySize"         : 0,
			"maxNumberOfOrders"    : 0,  			
			"discount"	: 20,
			"duration"  : 2700,
			"alcohol"	: 0,
			"tableFor2" : 0,
			"tableFor4" : 2,
			"tableFor5" : 1,
			"tableFor6" : 0
		},
		{
			"name"		: "Sat",
			"dayOfWeek" : ["Sat"],
			"startTime" : " 9:00am",
			"endTime"	: "11:30pm",
			"promotionTypes"       : ["Dine In"],
			"maxPartySize"         : 0,
			"maxNumberOfOrders"    : 0,  			
			"discount"	: 20,
			"duration"  : 2700,
			"alcohol"	: 0,
			"tableFor2" : 0,
			"tableFor4" : 2,
			"tableFor5" : 1,
			"tableFor6" : 0
		},
		{
			"name"		: "Sun lucnh",
			"dayOfWeek" : ["Sun"],
			"startTime" : " 9:00am",
			"endTime"	: "11:00am",
			"promotionTypes"       : ["Dine In"],
			"maxPartySize"         : 0,
			"maxNumberOfOrders"    : 0,  			
			"discount"	: 20,
			"duration"  : 2700,
			"alcohol"	: 0,
			"tableFor2" : 0,
			"tableFor4" : 2,
			"tableFor5" : 1,
			"tableFor6" : 0
		},
		{
			"name"		: "Sun dinner",
			"dayOfWeek" : ["Sun"],
			"startTime" : " 6:00pm",
			"endTime"	: "11:30pm",
			"promotionTypes"       : ["Dine In"],
			"maxPartySize"         : 0,
			"maxNumberOfOrders"    : 0,  			
			"discount"	: 20,
			"duration"  : 2700,
			"alcohol"	: 0,
			"tableFor2" : 0,
			"tableFor4" : 2,
			"tableFor5" : 1,
			"tableFor6" : 0
		}
	]
}