{
	"restaurantID" 		: "xDlMwavvr1",
	"restaurantName"	: "Dosa Factory",
	"promotionFamily"   : "Dine In",	
	"startDate"			: "5/2/2017",
	"endDate"			: "6/30/2017",
	"skipDates"			: [ ],
	"schedules"			: [
		{
			"name"	    : "Lunch",
			"dayOfWeek" : ["Sun", "Mon", "Tue", "Wed", "Thu", "Fri", "Sat"],
			"startTime" : "11:00am",
			"endTime"   : "2:30pm",
			"promotionTypes"       : ["Dine In"],
			"maxPartySize"         : 0,
			"maxNumberOfOrders"    : 0, 			
			"discount"  : 25,
            "duration"  : 1800,
            "alcohol"   : 0,
			"tableFor2" : 2,
			"tableFor4" : 2,
		    "tableFor5" : 1,
			"tableFor6" : 1
		},
		{
			"name"	    : "Sun-Wed Dinner",
			"dayOfWeek" : ["Sun", "Mon", "Tue", "Wed"],
			"startTime" : "3:00pm",
			"endTime"   : "10:00pm",
			"promotionTypes"       : ["Dine In"],
			"maxPartySize"         : 0,
			"maxNumberOfOrders"    : 0, 			
		    "discount"  : 25,
		    "duration"  : 1800,
            "alcohol"   : 0,
			"tableFor2" : 2,
			"tableFor4" : 2,
			"tableFor5" : 1,
			"tableFor6" : 1
		},
		{
			"name"	    : "Thu-Sat Dinner",
			"dayOfWeek" : ["Thu", "Fri", "Sat"],
			"startTime" : "3:00pm",
			"endTime"   : "10:00pm",
			"promotionTypes"       : ["Dine In"],
			"maxPartySize"         : 0,
			"maxNumberOfOrders"    : 0, 			
		    "discount"  : 25,
		    "duration"  : 1800,
            "alcohol"   : 0,
			"tableFor2" : 1,
			"tableFor4" : 1,
			"tableFor5" : 1,
			"tableFor6" : 1
		}
	]
}