{
	"restaurantID" 		: "e7nGSaa294",
	"restaurantName"	: "Four Spoons",
	"promotionFamily"   : "Dine In",	
	"startDate"			: "5/1/2017",
	"endDate"			: "6/30/2017",
	"skipDates"			: [ ],
	"schedules"			: [
		{
			"name"	    : "Lunch",
			"dayOfWeek" : ["Sun", "Mon", "Tue", "Wed", "Thu", "Fri", "Sat"],
			"startTime" : "11:00am",
			"endTime"   : "2:30pm",
			"promotionTypes"       : ["Dine In"],
			"maxPartySize"         : 0,
			"maxNumberOfOrders"    : 0,  			
			"discount"  : 20,
			"duration"  : 2700,
            "alcohol"   : 0,
			"tableFor2" : 1,
			"tableFor4" : 1,
		    "tableFor5" : 1,
			"tableFor6" : 1
		},
		{
			"name"	    : "Sun-Thu Dinner",
			"dayOfWeek" : ["Sun", "Mon", "Tue", "Wed", "Thu"],
			"startTime" : "4:00pm",
			"endTime"   : "9:00pm",
			"promotionTypes"       : ["Dine In"],
			"maxPartySize"         : 0,
			"maxNumberOfOrders"    : 0,  			
		    "discount"  : 20,
		    "duration"  : 2700,
            "alcohol"   : 0,
			"tableFor2" : 1,
			"tableFor4" : 1,
			"tableFor5" : 1,
			"tableFor6" : 1
		},
	        {
			"name"	    : "Fri-Sat Dinner",
			"dayOfWeek" : ["Fri", "Sat"],
			"startTime" : "4:00pm",
			"endTime"   : "5:30pm",
			"promotionTypes"       : ["Dine In"],
			"maxPartySize"         : 0,
			"maxNumberOfOrders"    : 0,  			
		    "discount"  : 20,
		    "duration"  : 2700,
            "alcohol"   : 0,
			"tableFor2" : 1,
			"tableFor4" : 1,
			"tableFor5" : 1,
			"tableFor6" : 1
		}
	]
}
