{
	"restaurantID" 		: "NupeofNpUi",
	"restaurantName"	: "Grasshopper"  ,
	"promotionFamily"   : "Dine In",	
	"startDate"			: "5/1/2017",
	"endDate"			: "6/30/2017",
	"skipDates"			: [ ],
	"schedules"			: [
		{
			"name"		: "lunch",
			"dayOfWeek" : ["Sun", "Mon", "Tue", "Wed", "Thu", "Fri", "Sat"],
			"startTime" : " 1:00pm",
			"endTime"	: " 4:00pmm",
			"promotionTypes"       : ["Dine In"],
			"maxPartySize"         : 0,
			"maxNumberOfOrders"    : 0,  			
			"discount"	: 20,
			"duration"  : 1800,
			"alcohol"	: 0,
			"tableFor2" : 3,
			"tableFor4" : 3,
			"tableFor5" : 1,
			"tableFor6" : 1
		},
		{
			"name"		: "dinner",
			"dayOfWeek" : ["Sun", "Mon", "Tue", "Wed", "Thu", "Fri", "Sat"],
			"startTime" : " 6:00pm",
			"endTime"	: " 8:00pmm",
			"promotionTypes"       : ["Dine In"],
			"maxPartySize"         : 0,
			"maxNumberOfOrders"    : 0,  			
			"discount"	: 20,
			"duration"  : 1800,
			"alcohol"	: 0,
			"tableFor2" : 3,
			"tableFor4" : 3,
			"tableFor5" : 1,
			"tableFor6" : 1
		}
	]
}