{
	"restaurantID" 		: "XZinIceUoO",
	"restaurantName"	: "Grendel's Den",
	"promotionFamily"   : "Dine In",	
	"startDate"			: "5/1/2017",
	"endDate"			: "6/30/2017",
	"skipDates"			: [ "1/1/2017"],
	"schedules"			: [
		{
			"name"	    : "Lunch",
			"dayOfWeek" : ["Sun", "Mon", "Tue", "Wed", "Thu"],
			"startTime" : "3:30pm",
			"endTime"   : "4:30pm",
			"promotionTypes"       : ["Dine In"],
			"maxPartySize"         : 0,
			"maxNumberOfOrders"    : 0,  			
			"discount"  : 25,
			"duration"  : 1800,
            "alcohol"   : 0,
			"tableFor2" : 4,
			"tableFor4" : 1,
		    "tableFor5" : 1,
			"tableFor6" : 1
		},
		{
			"name"	    : "Dinner",
			"dayOfWeek" : ["Sun", "Mon", "Tue", "Wed", "Thu"],
			"startTime" : "9:00pm",
			"endTime"   : "11:00pm",
			"promotionTypes"       : ["Dine In"],
			"maxPartySize"         : 0,
			"maxNumberOfOrders"    : 0,  			
		    "discount"  : 25,
		    "duration"  : 1800,
            "alcohol"   : 0,
			"tableFor2" : 4,
			"tableFor4" : 1,
			"tableFor5" : 1,
			"tableFor6" : 1
		}
	]
}
