{
	"restaurantID" 		: "fQmJZQYV58",
	"restaurantName"	: "Jose's Mexican",
	"promotionFamily"   : "Dine In",
	"startDate"			: "5/1/2017",
	"endDate"			: "6/30/2017",
	"skipDates"			: [ "1/1/2017"],
	"schedules"			: [
		{
			"name"	    : "LunchDinner",
			"dayOfWeek" : ["Mon", "Tue", "Wed", "Thu", "Fri"],
			"startTime" : "2:00pm",
			"endTime"   : "6:00pm",
			"promotionTypes"       : ["Dine In"],
			"maxPartySize"         : 0,
			"maxNumberOfOrders"    : 0,  			
		    "discount"  : 20,
		    "duration"  : 2700,
            "alcohol"   : 0,
			"tableFor2" : 4,
			"tableFor4" : 3,
		    "tableFor5" : 1,
			"tableFor6" : 1
		}
	]
}
