{
	"restaurantID" 		: "fE52XK7hoY",
	"restaurantName"	: "Lumiere",
	"promotionFamily"   : "Dine In",	
	"startDate"			: "5/1/2017",
	"endDate"			: "6/30/2017",
	"skipDates"			: [ "1/1/2017"],
	"schedules"			: [ 
		{
			"name"	    : "Week early",
			"dayOfWeek" : ["Mon", "Tue", "Wed", "Thu"],
			"startTime" : "5:30pm",
			"endTime"   : "6:00pm",
			"promotionTypes"       : ["Dine In"],
			"maxPartySize"         : 0,
			"maxNumberOfOrders"    : 0,  			
		    "discount"  : 15,
		    "duration"  : 1800,
            "alcohol"   : 0,
			"tableFor2" : 3,
			"tableFor4" : 2,
		    "tableFor5" : 1,
			"tableFor6" : 1
		},
		{
			"name"	    : "Week late",
			"dayOfWeek" : ["Mon", "Tue", "Wed", "Thu"],
			"startTime" : "8:30pm",
			"endTime"   : "9:00pm",
			"promotionTypes"       : ["Dine In"],
			"maxPartySize"         : 0,
			"maxNumberOfOrders"    : 0,  			
		    "discount"  : 15,
		    "duration"  : 1800,
            "alcohol"   : 0,
			"tableFor2" : 3,
			"tableFor4" : 2,
		    "tableFor5" : 1,
			"tableFor6" : 1
		},
                {
			"name"	    : "Sun early",
			"dayOfWeek" : ["Sun"],
			"startTime" : "5:30pm",
			"endTime"   : "6:00pm",
			"promotionTypes"       : ["Dine In"],
			"maxPartySize"         : 0,
			"maxNumberOfOrders"    : 0,  			
		    "discount"  : 15,
		    "duration"  : 1800,
            "alcohol"   : 0,
			"tableFor2" : 3,
			"tableFor4" : 1,
		    "tableFor5" : 1,
			"tableFor6" : 1
		},
		{
			"name"	    : "Sun late",
			"dayOfWeek" : ["Sun"],
			"startTime" : "8:30pm",
			"endTime"   : "9:00pm",
			"promotionTypes"       : ["Dine In"],
			"maxPartySize"         : 0,
			"maxNumberOfOrders"    : 0,  			
		    "discount"  : 15,
		    "duration"  : 1800,
            "alcohol"   : 0,
			"tableFor2" : 1,
			"tableFor4" : 1,
		    "tableFor5" : 1,
			"tableFor6" : 1
		},                
        {
			"name"	    : "Friday and Saturday",
			"dayOfWeek" : ["Fri", "Sat"],
			"startTime" : "9:00pm",
			"endTime"   : "10:00pm",
			"promotionTypes"       : ["Dine In"],
			"maxPartySize"         : 0,
			"maxNumberOfOrders"    : 0,  			
		    "discount"  : 15,
		    "duration"  : 1800,
            "alcohol"   : 0,
			"tableFor2" : 3,
			"tableFor4" : 2,
			"tableFor5" : 1,
			"tableFor6" : 1
		}
	]
}

