{
	"restaurantID" 		: "6cFsLAYtB4",
	"restaurantName"	: "Massimino's",
	"promotionFamily"   : "Dine In",	
	"startDate"			: "5/1/2017",
	"endDate"			: "6/30/2017",
	"skipDates"			: [ ],
	"schedules"			: [
		{
			"name"	    : "Lunch",
			"dayOfWeek" : ["Sun", "Mon", "Tue", "Wed", "Thu", "Fri", "Sat"],
			"startTime" : "11:00am",
			"endTime"   : "5:00pm",
			"promotionTypes"       : ["Dine In"],
			"maxPartySize"         : 0,
			"maxNumberOfOrders"    : 0,  
			"discount"  : 20,
			"duration"  : 2700,
            "alcohol"   : 0,
			"tableFor2" : 2,
			"tableFor4" : 1,
		    "tableFor5" : 1,
			"tableFor6" : 1
		},
		{
			"name"	    : "Dinner1",
			"dayOfWeek" : ["Mon", "Tue", "Wed", "Thu", "Fri"],
			"startTime" : "9:00pm",
			"endTime"   : "9:25pm",
			"promotionTypes"       : ["Dine In"],
			"maxPartySize"         : 0,
			"maxNumberOfOrders"    : 0,  			
		    "discount"  : 20,
		    "duration"  : 2700,
            "alcohol"   : 0,
			"tableFor2" : 2,
			"tableFor4" : 1,
			"tableFor5" : 1,
			"tableFor6" : 1
		},
		{
			"name"	    : "Dinner2",
			"dayOfWeek" : ["Sat"],
			"startTime" : "9:00pm",
			"endTime"   : "10:25pm",
			"promotionTypes"       : ["Dine In"],
			"maxPartySize"         : 0,
			"maxNumberOfOrders"    : 0,  			
		    "discount"  : 20,
		    "duration"  : 2700,
            "alcohol"   : 0,
			"tableFor2" : 2,
			"tableFor4" : 1,
			"tableFor5" : 1,
			"tableFor6" : 1
		}
	]
}
