{
	"restaurantID" 		: "laHZNhXePy",
	"restaurantName"	: "Mela",
	"promotionFamily"   : "Dine In",	
	"startDate"			: "5/1/2017",
	"endDate"			: "6/30/2017",
	"skipDates"			: [ ],
	"schedules"			: [
		{
			"name"	    : "Dinner1",
			"dayOfWeek" : ["Sun", "Mon", "Tue", "Wed", "Thu", "Fri", "Sat"],
			"startTime" : "3:30pm",
			"endTime"   : "7:30pm",
			"promotionTypes"       : ["Dine In"],
			"maxPartySize"         : 0,
			"maxNumberOfOrders"    : 0,  			
			"discount"  : 35,
			"duration"  : 1800,
            "alcohol"   : 0,
			"tableFor2" : 3,
			"tableFor4" : 3,
		    "tableFor5" : 1,
			"tableFor6" : 0
		},
		{
			"name"	    : "Dinner2",
			"dayOfWeek" : ["Sun", "Mon", "Tue", "Wed", "Thu", "Fri", "Sat"],
			"startTime" : "7:30pm",
			"endTime"   : "10:00pm",
			"promotionTypes"       : ["Dine In"],
			"maxPartySize"         : 0,
			"maxNumberOfOrders"    : 0,  			
		    "discount"  : 35,
		    "duration"  : 1800,
            "alcohol"   : 0,
			"tableFor2" : 0,
			"tableFor4" : 0,
			"tableFor5" : 1,
			"tableFor6" : 0
		}
	]
}
