{
	"restaurantID" 		: "TyeJzQEok3",
	"restaurantName"	: "The Rice Barn",
	"promotionFamily"   : "Dine In",	
	"startDate"			: "5/6/2017",
	"endDate"			: "6/30/2017",
	"skipDates"			: [ "1/1/2017"],
	"schedules"			: [
		{
			"name"	    : "Lunch",
			"dayOfWeek" : ["Mon", "Tue", "Wed"],
			"startTime" : "11:30am",
			"endTime"   : "2:00pm",
			"promotionTypes"       : ["Dine In"],
			"maxPartySize"         : 0,
			"maxNumberOfOrders"    : 0,  			
			"discount"  : 20,
			"duration"  : 1800,
            "alcohol"   : 0,
			"tableFor2" : 10,
			"tableFor4" : 10,
		    "tableFor5" : 1,
			"tableFor6" : 1
		},
		{
			"name"	    : "Dinner",
			"dayOfWeek" : ["Sun", "Mon", "Tue", "Wed"],
			"startTime" : "5:00pm",
			"endTime"   : "8:30pm",
			"promotionTypes"       : ["Dine In"],
			"maxPartySize"         : 0,
			"maxNumberOfOrders"    : 0,  			
		    "discount"  : 20,
		    "duration"  : 1800,
            "alcohol"   : 0,
			"tableFor2" : 10,
			"tableFor4" : 10,
			"tableFor5" : 1,
			"tableFor6" : 1
		}
	]
}
