{
	"restaurantID" 		: "6vCbjVbzg1",
	"restaurantName"	: "Shan-A-Punjab"  ,
	"promotionFamily"   : "Dine In",	
	"startDate"			: "5/1/2017",
	"endDate"			: "6/30/2017",
	"skipDates"			: [ ],
	"schedules"			: [
		{
			"name"		: "Lunch",
			"dayOfWeek" : ["Sun", "Mon", "Tue", "Wed", "Thu", "Fri", "Sat"],
			"startTime" : "12:00pm",
			"endTime"	: " 5:00pm",
			"promotionTypes"       : ["Dine In"],
			"maxPartySize"         : 0,
			"maxNumberOfOrders"    : 0,  			
			"discount"	: 20,
			"duration"  : 1800,
			"alcohol"	: 0,
			"tableFor2" : 2,
			"tableFor4" : 2,
			"tableFor5" : 1,
			"tableFor6" : 1
		},
		{
			"name"		: "Lunch",
			"dayOfWeek" : ["Sun", "Mon", "Tue", "Wed", "Thu", "Fri", "Sat"],
			"startTime" : " 5:00pm",
			"endTime"	: " 9:00pm",
			"promotionTypes"       : ["Dine In"],
			"maxPartySize"         : 0,
			"maxNumberOfOrders"    : 0,  			
			"discount"	: 30,
			"duration"  : 1800,
			"alcohol"	: 0,
			"tableFor2" : 2,
			"tableFor4" : 2,
			"tableFor5" : 1,
			"tableFor6" : 1
		}
	]
}