{
	"restaurantID" 		: "lli794LkY8",
	"restaurantName"	: "Shays Pub & Wine Bar",
	"promotionFamily"   : "Dine In",	
	"startDate"			: "5/1/2017",
	"endDate"			: "6/30/2017",
	"skipDates"			: [ ],
	"schedules"			: [
		{
			"name"	    : "Lunch week days",
			"dayOfWeek" : ["Mon", "Tue", "Wed", "Thu", "Fri"],
			"startTime" : "11:30am",
			"endTime"   : "2:30pm",
			"promotionTypes"       : ["Dine In"],
			"maxPartySize"         : 0,
			"maxNumberOfOrders"    : 0,  			
		    "discount"  : 20,
		    "duration"  : 1800,
            "alcohol"   : 0,
			"tableFor2" : 3,
			"tableFor4" : 0,
			"tableFor5" : 0,
			"tableFor6" : 0
		}
	]
}