{
	"restaurantID" 		: "p7QlQZxM4c",
	"restaurantName"	: "49 Social",
	"promotionFamily"   : "Dine In",	
	"startDate"			: "5/1/2017",
	"endDate"			: "6/30/2017",
	"skipDates"			: [ "1/1/2017"],
	"schedules"			: [
		{
			"name"	    : "Mon-Tues",
			"dayOfWeek" : ["Mon", "Tue"],
			"startTime" : "5:00pm",
			"endTime"   : "10:00pm",
			"promotionTypes"       : ["Dine In"],
			"maxPartySize"         : 0,
			"maxNumberOfOrders"    : 0,  			
			"discount"  : 20,
			"duration"  : 1800,
            "alcohol"   : 0,
			"tableFor2" : 5,
			"tableFor4" : 5,
		    "tableFor5" : 1,
			"tableFor6" : 0
		},
		{
			"name"	    : "Wed-Thr",
			"dayOfWeek" : ["Wed", "Thu"],
			"startTime" : "5:00pm",
			"endTime"   : "11:00pm",
			"promotionTypes"       : ["Dine In"],
			"maxPartySize"         : 0,
			"maxNumberOfOrders"    : 0,  			
		    "discount"  : 20,
		    "duration"  : 1800,
            "alcohol"   : 0,
			"tableFor2" : 5,
			"tableFor4" : 5,
			"tableFor5" : 1,
			"tableFor6" : 0
		}
	]
}
