{
	"restaurantID" 		: "w0yqN9wN2q",
	"restaurantName"	: "Sol Azteca",
	"promotionFamily"   : "Dine In",	
	"startDate"			: "5/1/2017",
	"endDate"			: "6/30/2017",
	"skipDates"			: [ ],
	"schedules"			: [
		{
			"name"	    : "Dinner",
			"dayOfWeek" : ["Sun", "Mon", "Tue", "Wed", "Thu", "Fri", "Sat"],
			"startTime" : "5:00pm",
			"endTime"   : "9:30pm",
			"promotionTypes"       : ["Dine In"],
			"maxPartySize"         : 0,
			"maxNumberOfOrders"    : 0,  			
		    "discount"  : 30,
		    "duration"  : 2700,
            "alcohol"   : 0,
			"tableFor2" : 3,
			"tableFor4" : 2,
			"tableFor5" : 1,
			"tableFor6" : 1
		}
	]
}
