{
	"restaurantID" 		: "NkP02hAjnR",
	"restaurantName"	: "Sweet Caroline’s"  ,
	"promotionFamily"   : "Dine In",	
	"startDate"			: "7/1/2017",
	"endDate"			: "7/1/2017",
	"skipDates"			: [ ],
	"schedules"			: [
		{
			"name"		: "All-Day",
			"dayOfWeek" : ["Sun", "Mon", "Tue", "Wed", "Thu", "Fri", "Sat"],
			"startTime" : " 3:00pm",
			"endTime"	: "10:25pmm",
			"promotionTypes"       : ["Dine In"],
			"maxPartySize"         : 0,
			"maxNumberOfOrders"    : 0,  			
			"discount"	: 30,
			"duration"  : 1800,
			"alcohol"	: 0,
			"tableFor2" : 1,
			"tableFor4" : 4,
			"tableFor5" : 1,
			"tableFor6" : 1
		}
	]
}