{
	"restaurantID" 		: "IstcZuWczC",
	"restaurantName"	: "Takemura",
	"promotionFamily"   : "Dine In",	
	"startDate"			: "5/1/2017",
	"endDate"			: "6/30/2017",
	"skipDates"			: [ "1/1/2017"],
	"schedules"			: [ 
		{
			"name"	    : "Regular",
			"dayOfWeek" : ["Sun", "Mon", "Tue", "Wed", "Thu", "Sat"],
			"startTime" : "11:30am",
			"endTime"   : "9:30pm",
			"promotionTypes"       : ["Dine In"],
			"maxPartySize"         : 0,
			"maxNumberOfOrders"    : 0,  			
			"discount"  : 10,
            "duration"  : 1800,
            "alcohol"   : 0,
			"tableFor2" : 4,
			"tableFor4" : 4,
		    "tableFor5" : 1,
			"tableFor6" : 1
		},
		{
			"name"	    : "Friday",
			"dayOfWeek" : ["Fri"],
			"startTime" : "3:00pm",
			"endTime"   : "9:30pm",
			"promotionTypes"       : ["Dine In"],
			"maxPartySize"         : 0,
			"maxNumberOfOrders"    : 0,  			
		    "discount"  : 10,
		    "duration"  : 1800,
            "alcohol"   : 0,
			"tableFor2" : 4,
			"tableFor4" : 4,
			"tableFor5" : 1,
			"tableFor6" : 1
		}
	]
}
