{
	"restaurantID" 		: "yEPaAqOTjh",
	"restaurantName"	: "The Grill",
	"promotionFamily"   : "Dine In",	
	"startDate"			: "5/1/2017",
	"endDate"			: "6/30/2017",
	"skipDates"			: [ ],
	"schedules"			: [
		{
			"name"	    : "Lunch",
			"dayOfWeek" : ["Mon", "Tue", "Wed", "Thu"],
			"startTime" : "4:00pm",
			"endTime"   : "8:25pm",
			"promotionTypes"       : ["Dine In"],
			"maxPartySize"         : 0,
			"maxNumberOfOrders"    : 0,  			
			"discount"  : 30,
			"duration"  : 1800,
            "alcohol"   : 0,
			"tableFor2" : 2,
			"tableFor4" : 1,
		    "tableFor5" : 1,
			"tableFor6" : 1
		}

	]
}
