{
	"restaurantID" 		: "K2yyEF2Fbr",
	"restaurantName"	: "The Living Room",
	"promotionFamily"   : "Dine In",	
	"startDate"			: "5/1/2017",
	"endDate"			: "6/30/2017",
	"skipDates"			: [ ],
	"schedules"			: [
		{
			"name"	    : "Lunch",
			"dayOfWeek" : ["Sun", "Mon", "Tue", "Wed", "Thu", "Fri", "Sat"],
			"startTime" : "11:00am",
			"endTime"   : "3:25pm",
			"promotionTypes"       : ["Dine In"],
			"maxPartySize"         : 0,
			"maxNumberOfOrders"    : 0,  			
			"discount"  : 20,
			"duration"  : 1800,
            "alcohol"   : 0,
			"tableFor2" : 1,
			"tableFor4" : 1,
		    "tableFor5" : 0,
			"tableFor6" : 0
		},
		{
			"name"	    : "Dinner",
			"dayOfWeek" : ["Sun", "Mon", "Tue", "Wed", "Thu", "Fri", "Sat"],
			"startTime" : "6:00pm",
			"endTime"   : "11:30pm",
			"promotionTypes"       : ["Dine In"],
			"maxPartySize"         : 0,
			"maxNumberOfOrders"    : 0,  			
		    "discount"  : 20,
		    "duration"  : 1800,
            "alcohol"   : 0,
			"tableFor2" : 1,
			"tableFor4" : 1,
			"tableFor5" : 1,
			"tableFor6" : 1
		}
	]
}
