{
	"restaurantID" 		: "cjtu7xALsq",
	"restaurantName"	: "Wu Er by WOW Barbecue",
	"promotionFamily"   : "Dine In",	
	"startDate"			: "5/1/2017",
	"endDate"			: "6/30/2017",
	"skipDates"			: [],
	"schedules"			: [
		{
			"name"	    : "Mon-Wed",
			"dayOfWeek" : ["Mon", "Tue", "Wed"],
			"startTime" : "5:00pm",
			"endTime"   : "10:00pm",
			"promotionTypes"       : ["Dine In"],
			"maxPartySize"         : 0,
			"maxNumberOfOrders"    : 0,  			
		    "discount"  : 25,
		    "duration"  : 2700,
            "alcohol"   : 0,
			"tableFor2" : 1,
			"tableFor4" : 1,
		    "tableFor5" : 1,
			"tableFor6" : 1
		},
                {
			"name"	    : "Thurs",
			"dayOfWeek" : ["Thu"],
			"startTime" : "11:30am",
			"endTime"   : "10:00pm",
			"promotionTypes"       : ["Dine In"],
			"maxPartySize"         : 0,
			"maxNumberOfOrders"    : 0,  			
		    "discount"  : 25,
		    "duration"  : 2700,
            "alcohol"   : 0,
			"tableFor2" : 1,
			"tableFor4" : 1,
		    "tableFor5" : 1,
			"tableFor6" : 1
		},
		{
			"name"	    : "Weekend",
			"dayOfWeek" : ["Sun", "Fri", "Sat"],
			"startTime" : "8:00pm",
			"endTime"   : "10:00pm",
			"promotionTypes"       : ["Dine In"],
			"maxPartySize"         : 0,
			"maxNumberOfOrders"    : 0,  			
		    "discount"  : 20,
		    "duration"  : 2700,
            "alcohol"   : 0,
			"tableFor2" : 1,
			"tableFor4" : 1,
			"tableFor5" : 1,
			"tableFor6" : 1
		}
	]
}